DSC01609.JPG	212	8035	0.0996481	0.303378	182	176	200
DSC01609.JPG	135	9618	0.436991	-0.0249617	244	236	175
DSC01609.JPG	25	10429	0.352748	0.0693178	21	25	28
DSC01609.JPG	20	10395	0.234655	0.0423174	255	252	192
DSC01609.JPG	29	10335	0.142073	-0.140133	109	138	108
DSC01609.JPG	288	9083	0.221667	0.0164515	89	105	71
DSC01609.JPG	346	4995	0.314266	-0.234987	255	255	193
DSC01609.JPG	282	1614	0.312254	-0.254925	255	255	208
DSC01609.JPG	266	1625	0.106052	0.307687	88	103	139
DSC01609.JPG	265	10411	0.368781	0.153993	42	49	41
DSC01609.JPG	2	10343	0.405865	-0.365227	191	180	129
DSC01609.JPG	59	10450	0.342039	0.118421	181	173	123
DSC01609.JPG	50	9370	0.454307	0.303674	251	244	164
DSC01609.JPG	415	8809	0.480504	-0.0896256	88	92	65
DSC01609.JPG	416	5461	0.440274	0.0735184	254	251	187
DSC01609.JPG	417	10166	0.137586	-0.235919	58	68	44
DSC01609.JPG	296	9395	0.281074	0.170783	118	133	105
DSC01609.JPG	375	10061	0.413659	0.11585	39	61	43
DSC01609.JPG	376	10087	0.212018	-0.226875	124	139	98
DSC01609.JPG	318	9253	0.32609	-0.012395	255	255	235
DSC01609.JPG	199	10430	0.352748	0.0693178	21	25	28
DSC01609.JPG	198	7119	0.121112	-0.233198	101	106	75
DSC01609.JPG	313	405	-0.27418	0.272057	156	165	197
DSC01609.JPG	194	4817	0.412596	-0.0545459	169	160	102
DSC01609.JPG	310	10011	0.342078	0.160669	35	45	34
DSC01609.JPG	314	7171	0.300564	-0.259247	78	89	63
DSC01609.JPG	272	9426	0.122141	-0.115123	201	213	169
DSC01609.JPG	89	7902	0.0953828	0.295682	197	189	212
DSC01609.JPG	274	10109	0.464084	0.312121	70	87	63
DSC01609.JPG	394	5813	-0.0978277	0.0493863	170	170	197
DSC01609.JPG	82	9947	0.331205	0.111782	255	254	191
DSC01609.JPG	80	8640	0.345353	0.137011	65	75	48
DSC01609.JPG	81	1624	0.106052	0.307687	88	103	139
DSC01609.JPG	179	10405	0.421026	-0.0865689	228	219	153
DSC01609.JPG	369	9387	0.462548	-0.058866	246	234	176
DSC01609.JPG	421	10023	0.244401	0.0258053	31	40	33
DSC01609.JPG	420	9348	0.31559	0.288829	125	150	113
DSC01609.JPG	309	6480	0.313754	0.116882	255	251	184
DSC01609.JPG	380	5047	0.226079	0.123785	76	93	75
DSC01609.JPG	108	10338	0.365868	0.309523	29	50	43
DSC01609.JPG	386	8220	0.270019	-0.268259	43	60	41
DSC01609.JPG	102	9420	0.222605	0.00760987	255	255	229
DSC01609.JPG	103	7034	-0.26824	0.341491	93	107	152
DSC01609.JPG	249	9491	0.425415	0.0856521	142	165	129
DSC01609.JPG	248	10193	0.419972	-0.156893	180	172	118
DSC01609.JPG	32	10000	0.284873	0.0451302	34	38	32
DSC01609.JPG	31	10137	0.125216	-0.218336	65	80	59
DSC01609.JPG	37	2789	-0.247284	0.258873	242	254	255
DSC01609.JPG	247	10342	0.405865	-0.365227	191	180	129
DSC01609.JPG	432	6921	0.207406	0.117995	50	70	59
DSC01609.JPG	339	4763	-0.263853	0.251808	233	252	255
DSC01609.JPG	334	10024	0.445159	0.120298	31	45	32
DSC01609.JPG	336	8335	0.224354	-0.120342	150	170	142
DSC01609.JPG	332	3213	-0.095706	0.0518923	69	68	85
DSC01609.JPG	66	10125	0.444046	0.186022	163	157	119
DSC01609.JPG	253	10452	0.342039	0.118421	181	173	123
DSC01609.JPG	174	10041	0.245719	0.0691957	249	246	206
DSC01609.JPG	257	9296	0.221812	0.0290744	58	70	53
DSC01609.JPG	255	9750	0.345317	0.11352	72	86	61
DSC01609.JPG	180	3745	0.0539357	0.2292	94	104	134
DSC01609.JPG	181	9501	0.290733	-0.270986	79	86	69
DSC01609.JPG	116	1311	-0.251694	0.25665	243	255	255
DSC01609.JPG	390	10191	0.167513	-0.0651296	43	64	47
DSC01609.JPG	229	10247	0.404307	0.084091	19	24	25
DSC01609.JPG	226	4913	0.300935	0.0962772	60	87	64
DSC01609.JPG	93	10420	0.386224	0.0587157	232	236	186
DSC01609.JPG	92	4058	0.125852	0.344028	106	109	147
DSC01609.JPG	223	9556	0.475239	-0.0785101	255	252	179
DSC01609.JPG	161	10236	0.29947	0.112644	19	34	27
DSC01609.JPG	12	6016	0.305515	-0.258511	255	254	206
DSC01609.JPG	14	9666	0.126128	-0.0630048	36	44	35
DSC01609.JPG	19	6074	-0.0932227	0.0541416	171	171	196
DSC01609.JPG	273	4741	0.336953	0.109732	96	103	61
DSC01609.JPG	151	10378	0.208246	0.0371274	59	77	53
DSC01609.JPG	150	5148	-0.270644	0.282604	189	194	226
DSC01609.JPG	36	5170	0.447697	-0.0611015	255	242	183
DSC01609.JPG	239	9532	0.206257	-0.133613	47	71	58
DSC01609.JPG	235	9831	0.39703	0.196116	142	159	123
DSC01609.JPG	237	10451	0.342039	0.118421	181	173	123
DSC01609.JPG	48	6025	-0.265768	0.348034	248	255	255
DSC01609.JPG	46	10314	0.447442	0.13728	243	240	180
DSC01609.JPG	41	670	-0.265617	0.344519	124	135	163
DSC01609.JPG	321	9214	0.242465	0.18036	62	84	65
DSC01609.JPG	327	10394	0.234655	0.0423174	255	252	192
DSC01609.JPG	325	10331	0.162678	-0.131295	25	40	35
DSC01609.JPG	144	9558	0.475239	-0.0785101	255	252	179
DSC01609.JPG	205	9874	0.349675	0.130685	233	214	147
DSC01609.JPG	204	10190	0.167513	-0.0651296	43	64	47
DSC01609.JPG	208	7683	0.392752	0.307806	48	67	51
DSC01609.JPG	75	9356	0.129784	-0.117102	39	54	48
DSC01609.JPG	357	7033	-0.26824	0.341491	93	107	152
DSC01607.JPG	217	3199	-0.0139731	0.0914366	96	93	89
DSC01607.JPG	212	7773	0.364629	0.2868	168	166	177
DSC01607.JPG	210	9798	-0.409692	0.058053	198	196	209
DSC01607.JPG	131	3380	-0.139148	-0.00134084	215	219	228
DSC01607.JPG	137	7095	0.20175	0.21881	167	171	196
DSC01607.JPG	136	9713	0.128311	0.215877	47	75	50
DSC01607.JPG	139	9300	0.169477	0.210527	45	79	46
DSC01607.JPG	24	6589	0.422539	0.319701	173	164	168
DSC01607.JPG	322	9687	0.109261	0.195869	52	85	54
DSC01607.JPG	26	7754	0.189345	0.216591	176	170	183
DSC01607.JPG	27	3738	0.347176	0.259524	147	143	146
DSC01607.JPG	22	8594	-0.122568	-0.0308638	77	95	75
DSC01607.JPG	160	6778	0.105348	0.0681277	196	188	195
DSC01607.JPG	28	7787	-0.313748	0.00887984	141	145	167
DSC01607.JPG	289	9560	-0.0249726	0.0953854	53	83	48
DSC01607.JPG	0	7896	0.0477021	0.084158	206	196	198
DSC01607.JPG	405	8172	0.201793	0.167522	140	138	162
DSC01607.JPG	404	9315	-0.0493666	0.00245056	69	88	58
DSC01607.JPG	4	6842	-0.0395181	-0.0166432	157	158	185
DSC01607.JPG	342	9102	0.297767	0.0301626	83	90	49
DSC01607.JPG	281	9338	-0.197421	0.0314921	190	193	212
DSC01607.JPG	280	9775	0.130009	0.193919	159	166	192
DSC01607.JPG	220	9000	0.339238	0.27168	176	173	181
DSC01607.JPG	348	7817	0.196671	0.216113	94	99	129
DSC01607.JPG	284	1768	0.133546	0.0262999	176	182	193
DSC01607.JPG	287	9249	0.408822	0.0588531	255	252	138
DSC01607.JPG	286	9538	0.0781711	0.124886	62	87	56
DSC01607.JPG	368	7813	0.00138634	0.0396411	193	184	187
DSC01607.JPG	120	320	0.364811	0.330703	74	79	101
DSC01607.JPG	121	7892	0.106493	0.139546	204	195	200
DSC01607.JPG	122	9505	-0.26883	0.105694	200	198	212
DSC01607.JPG	123	8007	-0.45084	0.227616	87	89	112
DSC01607.JPG	124	9604	-0.246901	0.134161	189	188	202
DSC01607.JPG	125	8968	-0.0133907	0.0914503	95	89	86
DSC01607.JPG	127	9859	-0.364273	0.00967556	110	112	90
DSC01607.JPG	269	7578	0.160108	0.18937	187	182	193
DSC01607.JPG	268	3197	-0.0139731	0.0914366	96	93	89
DSC01607.JPG	422	9819	0.000776708	0.098292	68	94	58
DSC01607.JPG	58	8658	0.137891	0.168955	197	187	195
DSC01607.JPG	55	9864	-0.154708	0.0230964	55	66	56
DSC01607.JPG	54	9456	0.422011	0.0550663	72	75	28
DSC01607.JPG	57	9958	0.160245	0.107158	96	84	64
DSC01607.JPG	53	4650	0.258227	0.266742	103	104	125
DSC01607.JPG	379	9504	-0.26883	0.105694	200	198	212
DSC01607.JPG	410	9579	0.144227	0.187595	55	84	55
DSC01607.JPG	411	5004	0.209567	0.222404	112	118	144
DSC01607.JPG	298	7658	0.160643	0.183571	98	108	133
DSC01607.JPG	371	9955	0.125115	0.0539756	47	78	50
DSC01607.JPG	297	9455	0.422011	0.0550663	72	75	28
DSC01607.JPG	294	850	0.359659	0.341067	143	146	157
DSC01607.JPG	295	7283	-0.150045	0.0552699	192	193	125
DSC01607.JPG	292	2818	0.220039	0.23019	108	115	143
DSC01607.JPG	419	157	0.197994	0.14789	127	128	104
DSC01607.JPG	291	1501	0.13399	0.160518	115	118	138
DSC01607.JPG	195	9458	0.126506	0.170291	51	77	48
DSC01607.JPG	197	2024	0.162256	0.184392	82	89	115
DSC01607.JPG	317	8708	0.0305445	0.116391	87	111	79
DSC01607.JPG	190	9222	0.0377905	0.128647	190	190	200
DSC01607.JPG	192	8204	0.190652	0.210552	93	98	128
DSC01607.JPG	270	4364	-0.449025	-0.333276	86	74	43
DSC01607.JPG	114	571	0.23546	0.250317	74	78	103
DSC01607.JPG	89	6740	0.371219	0.291187	180	175	181
DSC01607.JPG	110	9900	-0.179761	0.0246205	191	191	201
DSC01607.JPG	113	7130	0.233836	0.248438	72	76	101
DSC01607.JPG	176	9324	0.11527	0.158891	40	69	39
DSC01607.JPG	83	6795	-0.0251576	0.0119019	129	124	123
DSC01607.JPG	399	9799	-0.409692	0.058053	198	196	209
DSC01607.JPG	81	130	0.358895	0.286987	89	91	108
DSC01607.JPG	414	4067	0.164936	0.185876	176	182	206
DSC01607.JPG	207	9832	0.211992	0.155601	65	80	47
DSC01607.JPG	395	7705	0.330228	0.264939	167	162	169
DSC01607.JPG	429	7693	0.0276889	0.0775521	167	150	143
DSC01607.JPG	428	5290	-0.0405898	-0.00473517	103	105	129
DSC01607.JPG	7	9280	0.0900051	0.188488	128	129	133
DSC01607.JPG	366	9766	-0.445105	0.0309559	219	222	241
DSC01607.JPG	423	9612	0.0635315	0.1083	79	100	74
DSC01607.JPG	365	7566	0.239324	0.258445	159	157	170
DSC01607.JPG	362	9809	-0.0268633	0.0465296	173	172	187
DSC01607.JPG	424	9292	-0.219997	0.123913	176	175	193
DSC01607.JPG	427	7921	0.0651498	0.100131	194	184	190
DSC01607.JPG	308	321	0.364811	0.330703	74	79	101
DSC01607.JPG	412	8967	-0.0133907	0.0914503	95	89	86
DSC01607.JPG	301	9145	-0.177323	0.06769	93	106	99
DSC01607.JPG	302	7704	-0.48248	0.177942	110	115	144
DSC01607.JPG	305	4983	0.341967	0.15356	154	136	57
DSC01607.JPG	306	4736	0.147857	0.172916	134	136	157
DSC01607.JPG	244	2661	0.2609	0.270372	88	85	110
DSC01607.JPG	241	8374	-0.0458937	-0.0122441	108	113	140
DSC01607.JPG	240	8811	-0.0852165	-0.0323784	91	103	81
DSC01607.JPG	242	9445	0.191786	0.229792	41	67	42
DSC01607.JPG	388	9629	-0.0313407	0.0181973	70	87	56
DSC01607.JPG	100	6236	0.184833	0.212207	186	180	192
DSC01607.JPG	106	3756	0.122501	0.149413	118	119	140
DSC01607.JPG	107	1500	0.13399	0.160518	115	118	138
DSC01607.JPG	104	9190	0.404494	0.0689692	55	64	29
DSC01607.JPG	105	9848	-0.181787	0.0497741	59	71	61
DSC01607.JPG	39	3826	0.169297	0.175098	119	124	152
DSC01607.JPG	38	1769	0.133546	0.0262999	176	182	193
DSC01607.JPG	381	3084	-0.44283	0.0963548	228	228	240
DSC01607.JPG	33	9521	-0.276966	0.133453	75	90	65
DSC01607.JPG	224	3296	-0.177079	0.104845	77	68	69
DSC01607.JPG	384	9459	-0.172611	0.00712866	218	218	228
DSC01607.JPG	430	4413	0.243753	0.257114	95	97	119
DSC01607.JPG	385	2023	0.162256	0.184392	82	89	115
DSC01607.JPG	338	7537	0.396498	0.30595	178	172	179
DSC01607.JPG	271	9751	-0.152736	-0.00602418	160	163	178
DSC01607.JPG	60	9022	-0.115924	-0.0225171	58	81	58
DSC01607.JPG	178	9860	-0.364273	0.00967556	110	112	90
DSC01607.JPG	252	7703	-0.48248	0.177942	110	115	144
DSC01607.JPG	69	8798	0.400459	0.301193	74	78	61
DSC01607.JPG	175	9761	0.0180488	0.0879025	187	186	200
DSC01607.JPG	251	9777	0.0675529	0.157959	60	91	59
DSC01607.JPG	171	9669	0.0125568	0.105548	58	85	52
DSC01607.JPG	170	7666	0.179641	0.208387	193	189	203
DSC01607.JPG	407	9337	0.150807	0.23156	49	79	51
DSC01607.JPG	345	7610	0.174232	0.202959	176	174	188
DSC01607.JPG	431	9909	0.395106	0.0308547	64	77	47
DSC01607.JPG	183	6834	0.164894	0.170041	104	112	141
DSC01607.JPG	180	2267	0.424701	0.322233	96	94	107
DSC01607.JPG	167	6149	-0.154303	0.0583699	66	72	68
DSC01607.JPG	187	594	0.212775	0.232671	107	110	126
DSC01607.JPG	6	9426	0.200247	0.222871	114	117	136
DSC01607.JPG	188	8828	-0.0954577	-0.00541592	76	90	75
DSC01607.JPG	401	3953	0.235871	0.163783	163	162	177
DSC01607.JPG	185	9588	-0.461097	0.0315749	76	89	67
DSC01607.JPG	98	2894	0.392467	0.307	119	120	135
DSC01607.JPG	168	7760	-0.436038	0.0919124	178	180	201
DSC01607.JPG	169	9507	0.00284821	0.14083	121	131	80
DSC01607.JPG	227	9543	0.218876	0.240463	177	177	187
DSC01607.JPG	166	9945	-0.215675	0.0910775	67	94	63
DSC01607.JPG	92	2950	0.332259	0.268622	93	96	115
DSC01607.JPG	95	2900	-0.162655	0.00788119	206	209	213
DSC01607.JPG	94	9481	-0.279803	0.117605	193	191	204
DSC01607.JPG	221	9103	-0.142869	-0.00929928	75	94	75
DSC01607.JPG	163	7694	0.0276889	0.0775521	167	150	143
DSC01607.JPG	10	9264	0.0951809	0.140965	55	81	51
DSC01607.JPG	13	9800	-0.409692	0.058053	198	196	209
DSC01607.JPG	373	9088	-0.413471	0.269997	79	84	68
DSC01607.JPG	17	8058	0.153945	0.183354	194	191	200
DSC01607.JPG	16	3481	0.20091	0.165397	94	90	114
DSC01607.JPG	18	9601	-0.0444929	0.106035	166	164	177
DSC01607.JPG	409	7664	0.144929	0.17596	194	187	194
DSC01607.JPG	153	7176	0.0710213	0.10587	220	209	214
DSC01607.JPG	276	9520	-0.276966	0.133453	75	90	65
DSC01607.JPG	156	9293	-0.219997	0.123913	176	175	193
DSC01607.JPG	234	5574	0.252658	0.263579	99	100	120
DSC01607.JPG	232	1076	0.126582	0.136347	131	133	155
DSC01607.JPG	233	9683	0.0884889	0.155774	175	182	200
DSC01607.JPG	398	10011	0.0614432	0.0783353	195	196	214
DSC01607.JPG	49	8143	0.122802	0.154372	195	185	193
DSC01607.JPG	47	9897	0.0451695	0.123636	181	180	196
DSC01607.JPG	44	4527	0.337966	0.348847	91	99	112
DSC01607.JPG	42	2724	0.356175	0.326891	73	78	100
DSC01607.JPG	43	3827	0.169297	0.175098	119	124	152
DSC01607.JPG	40	9539	0.367865	0.212052	153	139	78
DSC01607.JPG	1	8275	0.0843766	0.111694	140	142	163
DSC01607.JPG	320	8573	-0.217763	0.065525	69	89	62
DSC01607.JPG	5	5234	0.311358	0.303629	144	148	167
DSC01607.JPG	9	4845	0.164725	0.189307	88	94	123
DSC01607.JPG	328	9602	-0.0159065	0.0791829	63	91	52
DSC01607.JPG	329	3381	-0.139148	-0.00134084	215	219	228
DSC01607.JPG	335	9718	-0.134128	-0.0135255	69	97	68
DSC01607.JPG	146	7771	0.193257	0.22027	184	180	193
DSC01607.JPG	200	9495	0.045723	0.143702	66	95	65
DSC01607.JPG	203	513	0.128028	0.0955467	98	96	114
DSC01607.JPG	202	9722	0.165798	0.225043	149	156	184
DSC01607.JPG	142	10001	0.182912	0.179637	180	180	198
DSC01607.JPG	143	8782	-0.354524	0.00471652	90	93	74
DSC01607.JPG	140	9679	0.194021	0.274523	52	81	51
DSC01607.JPG	141	6905	-0.145406	-0.00167572	186	186	194
DSC01607.JPG	149	7568	0.233426	0.253847	157	154	168
DSC01607.JPG	77	9802	-0.214879	0.0754153	59	85	51
DSC01607.JPG	73	6551	-0.0115421	0.0283176	211	203	206
DSC01607.JPG	72	6984	-0.133201	-0.000915647	209	216	232
DSC01607.JPG	71	9899	-0.238671	0.106436	61	88	53
DSC01607.JPG	70	8297	0.156767	0.17738	105	113	140
DSC01607.JPG	79	9670	-0.190297	0.100988	60	79	59
DSC01607.JPG	78	8973	0.37083	0.285547	75	80	60
DSC01607.JPG	261	6877	-0.151897	0.0013485	91	117	106
DSC01607.JPG	356	8521	-0.0482955	-0.00623468	199	190	193
DSC01607.JPG	354	9717	0.0384853	0.0865727	103	123	92
DSC01607.JPG	352	8048	0.429887	0.323393	168	163	167
DSC01607.JPG	351	4666	0.408848	0.0819768	99	104	38
DSC01607.JPG	350	9522	0.0119303	0.0610513	80	96	65
DSC01607.JPG	267	7582	0.00850511	0.0391892	94	95	124
DSC01607.JPG	358	5254	-0.141034	-0.0407171	206	211	220
DSC01607.JPG	326	422	0.188777	0.185149	138	138	158
DSC01607.JPG	266	131	0.358895	0.286987	89	91	108
DSC01605.JPG	214	8457	0.0192758	0.00167954	53	72	52
DSC01605.JPG	215	8398	-0.467907	-0.0579481	222	232	255
DSC01605.JPG	212	8048	0.247818	-0.255378	175	175	200
DSC01605.JPG	213	4475	0.0193014	0.0069834	202	207	156
DSC01605.JPG	211	7804	-0.436147	-0.23241	86	94	130
DSC01605.JPG	265	10367	0.172478	-0.0625616	47	74	57
DSC01605.JPG	218	10246	-0.251547	-0.14252	172	185	219
DSC01605.JPG	133	5652	-0.398093	-0.151802	131	143	171
DSC01605.JPG	132	8154	-0.259502	-0.145328	70	86	86
DSC01605.JPG	130	9147	-0.346489	-0.0456828	251	255	255
DSC01605.JPG	135	9592	0.161325	0.113133	247	239	176
DSC01605.JPG	134	9402	0.00899929	-0.118939	160	182	139
DSC01605.JPG	138	1597	-0.465208	-0.227987	252	249	255
DSC01605.JPG	93	10362	0.177759	0.0282798	130	153	116
DSC01605.JPG	25	10372	0.203467	0.0104452	26	40	39
DSC01605.JPG	20	10332	0.31032	0.0109512	251	242	177
DSC01605.JPG	29	10242	0.432755	0.163335	142	165	135
DSC01605.JPG	344	9890	0.0407968	-0.140768	254	251	165
DSC01605.JPG	288	8900	0.324657	0.02959	86	107	73
DSC01605.JPG	346	5031	0.31171	0.285834	255	248	179
DSC01605.JPG	340	8153	-0.259502	-0.145328	70	86	86
DSC01605.JPG	97	7927	-0.420548	-0.0330826	58	93	86
DSC01605.JPG	282	3251	0.320643	0.302924	253	244	186
DSC01605.JPG	285	8893	0.0021978	-0.0755	56	78	55
DSC01605.JPG	408	169	0.0328475	-0.170453	115	126	83
DSC01605.JPG	263	9554	-0.463451	-0.0425489	240	251	255
DSC01605.JPG	262	5480	-0.442704	-0.125287	62	64	102
DSC01605.JPG	260	10229	-0.446815	-0.0341695	91	106	144
DSC01605.JPG	126	9755	-0.477977	-0.208749	230	210	207
DSC01605.JPG	264	1747	-0.479458	-0.21332	236	225	234
DSC01605.JPG	128	508	-0.440055	-0.123714	241	248	255
DSC01605.JPG	59	10409	0.203221	-0.0367242	250	237	172
DSC01605.JPG	56	5111	-0.418009	-0.125228	179	173	196
DSC01605.JPG	50	9028	0.0695307	-0.169936	255	255	168
DSC01605.JPG	52	3631	-0.491395	-0.200817	99	104	140
DSC01605.JPG	378	10245	-0.251547	-0.14252	172	185	219
DSC01605.JPG	416	3595	0.132877	0.0259775	249	249	179
DSC01605.JPG	417	10198	0.467302	0.252601	87	96	74
DSC01605.JPG	299	7553	-0.474173	-0.0605423	33	48	97
DSC01605.JPG	372	8384	-0.273667	-0.0802672	184	189	221
DSC01605.JPG	375	9706	0.141707	-0.0165491	28	49	34
DSC01605.JPG	293	59	-0.378577	-0.0390207	170	184	210
DSC01605.JPG	90	9204	-0.340062	-0.0845945	254	255	255
DSC01605.JPG	376	9931	0.397294	0.257852	133	150	108
DSC01605.JPG	319	1430	-0.470921	-0.0815898	113	121	157
DSC01605.JPG	318	9318	0.247365	0.0787168	254	251	195
DSC01605.JPG	199	10371	0.203467	0.0104452	26	40	39
DSC01605.JPG	198	6855	0.480136	0.246862	114	118	83
DSC01605.JPG	194	2057	0.196701	0.135041	139	131	82
DSC01605.JPG	311	10095	-0.0362913	-0.13514	54	81	66
DSC01605.JPG	191	5479	-0.442704	-0.125287	62	64	102
DSC01605.JPG	193	4605	-0.465772	-0.0654994	53	63	109
DSC01605.JPG	314	5194	0.33215	0.304749	101	107	79
DSC01605.JPG	393	9148	-0.346489	-0.0456828	251	255	255
DSC01605.JPG	88	6445	-0.436094	-0.0303052	100	112	154
DSC01605.JPG	89	7351	0.253473	-0.249188	180	178	200
DSC01605.JPG	111	5785	-0.368154	-0.0904939	140	145	177
DSC01605.JPG	275	8808	-0.463435	-0.0679392	74	87	131
DSC01605.JPG	394	6296	0.487052	-0.0692042	155	155	184
DSC01605.JPG	82	9753	0.214528	-0.0310551	255	255	179
DSC01605.JPG	279	2175	-0.387313	-0.0358913	224	237	255
DSC01605.JPG	80	8952	0.196975	-0.0525287	73	88	62
DSC01605.JPG	179	10354	0.191996	0.167291	254	245	191
DSC01605.JPG	86	7116	-0.43547	-0.225835	220	228	248
DSC01605.JPG	87	10166	-0.304525	-0.33293	57	75	61
DSC01605.JPG	84	10309	-0.253553	-0.120589	45	80	73
DSC01605.JPG	85	6931	-0.459906	-0.192451	255	249	250
DSC01605.JPG	415	8244	0.133177	0.180182	79	97	65
DSC01605.JPG	256	4868	-0.260857	-0.153127	206	221	251
DSC01605.JPG	257	8502	0.323086	0.0182286	75	90	68
DSC01605.JPG	3	58	-0.378577	-0.0390207	170	184	210
DSC01605.JPG	369	8944	0.144797	0.149546	255	252	200
DSC01605.JPG	421	9798	0.305832	0.0273438	54	72	50
DSC01605.JPG	367	4672	0.172619	-0.0841839	255	255	204
DSC01605.JPG	425	9678	-0.179431	-0.119249	122	177	234
DSC01605.JPG	360	7300	-0.458914	-0.0209592	171	171	191
DSC01605.JPG	361	10063	0.0302083	-0.0399776	146	159	103
DSC01605.JPG	300	627	-0.434204	-0.115992	228	244	255
DSC01605.JPG	304	9841	-0.259102	-0.157566	200	216	245
DSC01605.JPG	307	9587	0.0214188	-0.105787	44	60	42
DSC01605.JPG	380	1764	0.296499	-0.0665258	51	69	47
DSC01605.JPG	109	9127	-0.442718	-0.231267	254	255	255
DSC01605.JPG	386	7799	0.359204	0.306767	81	99	73
DSC01605.JPG	387	8909	-0.465594	-0.226044	81	79	93
DSC01605.JPG	102	9314	0.326683	0.0385937	255	255	201
DSC01605.JPG	101	9094	0.115803	-0.129391	109	133	105
DSC01605.JPG	249	8999	0.143095	0.012766	146	174	134
DSC01605.JPG	248	10040	0.203554	0.232024	229	214	152
DSC01605.JPG	32	9806	0.269678	0.0177711	48	66	50
DSC01605.JPG	31	10066	0.47475	0.232893	73	89	70
DSC01605.JPG	30	10404	0.0204147	-0.0542563	113	133	86
DSC01605.JPG	36	2741	0.157229	0.14794	254	240	186
DSC01605.JPG	34	8399	-0.467907	-0.0579481	222	232	255
DSC01605.JPG	383	9608	-0.00581634	-0.125561	131	161	121
DSC01605.JPG	290	9739	-0.450975	-0.0497273	238	251	255
DSC01605.JPG	432	5717	0.312266	-0.0656759	39	64	46
DSC01605.JPG	334	9845	0.116414	-0.0129744	36	54	38
DSC01605.JPG	337	8903	-0.392249	-0.0345029	73	78	110
DSC01605.JPG	336	7860	0.349405	0.159928	132	153	123
DSC01605.JPG	332	2409	0.484152	-0.0712257	65	66	84
DSC01605.JPG	258	9010	0.143052	-0.108741	26	61	41
DSC01605.JPG	63	10103	0.0126681	-0.0952407	164	184	132
DSC01605.JPG	65	5641	-0.458745	-0.202032	154	145	163
DSC01605.JPG	66	10039	0.101235	-0.0721295	161	159	121
DSC01605.JPG	68	9536	-0.442304	-0.240436	63	69	105
DSC01605.JPG	253	10410	0.203221	-0.0367242	250	237	172
DSC01605.JPG	250	10193	-0.231665	-0.298542	137	162	132
DSC01605.JPG	174	9995	0.295314	-0.0132815	242	238	187
DSC01605.JPG	173	8616	0.174419	-0.0855067	251	248	187
DSC01605.JPG	172	9823	-0.371511	-0.0740393	84	90	123
DSC01605.JPG	254	9795	-0.111505	0.0955502	173	183	139
DSC01605.JPG	255	8983	0.20241	-0.0299915	60	76	46
DSC01605.JPG	182	4367	-0.458203	-0.213284	85	86	114
DSC01605.JPG	181	9413	0.339752	0.315422	60	66	51
DSC01605.JPG	187	2042	0.101059	-0.358657	110	120	156
DSC01605.JPG	391	10124	-0.46943	-0.0703717	93	114	159
DSC01605.JPG	312	544	-0.467913	-0.0635574	102	194	255
DSC01605.JPG	403	9359	0.041282	0.00984171	82	98	65
DSC01605.JPG	189	10277	-0.330746	-0.0922406	178	176	197
DSC01605.JPG	341	5637	-0.365488	-0.0227447	137	143	178
DSC01605.JPG	402	5419	0.0118524	0.0115831	150	165	125
DSC01605.JPG	390	10215	0.387317	0.0948097	31	48	42
DSC01605.JPG	315	6715	-0.453161	-0.221896	185	191	219
DSC01605.JPG	229	10086	0.15743	0.00824037	26	45	31
DSC01605.JPG	228	10200	0.0345087	-0.0765401	95	126	95
DSC01605.JPG	164	9029	-0.457196	-0.216722	78	82	111
DSC01605.JPG	226	3152	0.240699	-0.0253562	36	66	45
DSC01605.JPG	225	9646	-0.457032	-0.058152	58	63	105
DSC01605.JPG	223	8815	0.139313	0.169462	255	254	190
DSC01605.JPG	222	4714	-0.483017	-0.193582	230	239	255
DSC01605.JPG	162	10123	-0.46943	-0.0703717	93	114	159
DSC01605.JPG	11	9908	0.0696856	0.0350939	112	134	105
DSC01605.JPG	12	3558	0.328955	0.305075	255	249	188
DSC01605.JPG	14	9663	0.429951	0.0832446	91	89	77
DSC01605.JPG	19	6170	0.481204	-0.0727749	152	156	179
DSC01605.JPG	272	9261	0.444223	0.131367	218	221	148
DSC01605.JPG	397	5073	0.0397564	-0.136079	255	255	191
DSC01605.JPG	273	3988	0.209413	-0.0281903	106	114	67
DSC01605.JPG	274	9875	0.0572415	-0.174015	38	62	36
DSC01605.JPG	396	3991	-0.125949	-0.349514	109	137	116
DSC01605.JPG	151	10293	0.332582	0.00921661	60	80	55
DSC01605.JPG	152	2176	-0.387313	-0.0358913	224	237	255
DSC01605.JPG	155	2530	-0.488147	-0.190652	237	244	255
DSC01605.JPG	278	9398	-0.482179	-0.201128	82	82	116
DSC01605.JPG	238	9609	-0.00581634	-0.125561	131	161	121
DSC01605.JPG	239	9411	0.371234	0.166295	27	44	36
DSC01605.JPG	235	9610	0.143345	-0.0911484	135	157	119
DSC01605.JPG	237	10411	0.203221	-0.0367242	250	237	172
DSC01605.JPG	230	10035	-0.264843	-0.146011	84	100	99
DSC01605.JPG	426	9095	0.115803	-0.129391	109	133	105
DSC01605.JPG	46	10283	0.114009	-0.028004	138	145	97
DSC01605.JPG	119	9842	-0.259102	-0.157566	200	216	245
DSC01605.JPG	45	9738	-0.450975	-0.0497273	238	251	255
DSC01605.JPG	418	5473	-0.462353	-0.062634	235	251	255
DSC01605.JPG	321	8729	0.26465	-0.117424	36	64	48
DSC01605.JPG	327	10331	0.31032	0.0109512	251	242	177
DSC01605.JPG	324	9231	-0.36274	-0.0685315	254	255	255
DSC01605.JPG	325	10285	0.404133	0.156471	28	47	41
DSC01605.JPG	144	8816	0.139313	0.169462	255	254	190
DSC01605.JPG	205	9721	0.196348	-0.0444804	193	188	128
DSC01605.JPG	204	10216	0.387317	0.0948097	31	48	42
DSC01605.JPG	209	10403	0.0204147	-0.0542563	113	133	86
DSC01605.JPG	208	7287	0.106101	-0.188249	44	68	54
DSC01605.JPG	76	4796	-0.486373	-0.307134	220	213	223
DSC01605.JPG	75	9074	0.435764	0.137077	30	43	34
DSC01605.JPG	74	8910	-0.465594	-0.226044	81	79	93
DSC01605.JPG	377	10230	-0.446815	-0.0341695	91	106	144
DSC01605.JPG	355	6051	-0.397987	-0.13869	134	144	172
DSC01605.JPG	359	628	-0.434204	-0.115992	228	244	255
DSC01606.JPG	216	8614	-0.0828438	0.000129521	126	146	95
DSC01606.JPG	217	430	0.0265279	-0.238604	111	119	106
DSC01606.JPG	392	7625	0.372949	0.0962068	40	58	32
DSC01606.JPG	215	6898	-0.235931	0.31616	235	241	255
DSC01606.JPG	212	7821	0.430253	-0.00767738	186	181	185
DSC01606.JPG	210	9842	-0.32174	-0.279686	219	218	227
DSC01606.JPG	211	6972	-0.225149	0.163989	86	87	110
DSC01606.JPG	165	9373	0.0626042	-0.25774	100	113	85
DSC01606.JPG	264	184	-0.259785	0.191692	227	211	213
DSC01606.JPG	218	9748	-0.0523219	0.206075	182	187	207
DSC01606.JPG	219	5154	0.102192	0.0772273	62	84	61
DSC01606.JPG	133	4852	-0.180736	0.236617	143	147	173
DSC01606.JPG	164	7832	-0.241982	0.180864	81	81	101
DSC01606.JPG	131	596	-0.087913	-0.330963	226	226	236
DSC01606.JPG	130	8312	-0.118282	0.334169	252	255	255
DSC01606.JPG	137	6489	0.24459	-0.0978738	178	184	210
DSC01606.JPG	136	9811	0.166362	-0.106957	54	87	56
DSC01606.JPG	134	8353	0.238782	0.281698	183	195	131
DSC01606.JPG	139	9356	0.210266	-0.109612	57	91	58
DSC01606.JPG	138	1517	-0.251003	0.171523	254	252	247
DSC01606.JPG	225	8957	-0.226155	0.31368	57	65	101
DSC01606.JPG	322	9823	0.145972	-0.128811	67	102	70
DSC01606.JPG	26	7004	0.231004	-0.101318	198	195	203
DSC01606.JPG	27	4957	0.410661	-0.0392303	153	147	149
DSC01606.JPG	21	8405	0.168394	0.165009	110	137	83
DSC01606.JPG	22	7932	-0.0711621	-0.35719	100	117	99
DSC01606.JPG	23	5558	-0.0620884	0.0911438	67	85	46
DSC01606.JPG	160	7275	0.148497	-0.2567	213	210	220
DSC01606.JPG	28	6667	-0.240997	-0.321843	168	170	191
DSC01606.JPG	222	2887	-0.261733	0.20627	229	231	251
DSC01606.JPG	289	9606	0.0158706	-0.236049	68	100	61
DSC01606.JPG	0	7413	0.0880351	-0.244009	218	207	216
DSC01606.JPG	405	8172	0.246752	-0.149744	141	140	166
DSC01606.JPG	347	2211	-0.162573	-0.0515731	248	245	128
DSC01606.JPG	4	5802	0.00612491	-0.343849	155	160	182
DSC01606.JPG	401	5506	0.285258	-0.151608	162	165	177
DSC01606.JPG	343	9867	0.312023	0.0908919	119	133	80
DSC01606.JPG	281	9078	-0.141636	-0.300902	208	211	228
DSC01606.JPG	8	8694	-0.0736282	0.0312003	136	156	107
DSC01606.JPG	283	9887	0.370909	0.198203	106	126	67
DSC01606.JPG	163	6720	0.0682063	-0.251423	176	154	147
DSC01606.JPG	285	8317	0.240345	0.329082	66	78	40
DSC01606.JPG	284	4262	0.179101	-0.298298	162	172	176
DSC01606.JPG	287	9639	0.461767	-0.341539	216	209	92
DSC01606.JPG	286	9619	0.11762	-0.20252	73	103	64
DSC01606.JPG	227	9519	0.264148	-0.0743074	167	167	185
DSC01606.JPG	368	7137	0.043596	-0.28891	218	209	212
DSC01606.JPG	400	7189	0.0477006	0.0718637	28	33	27
DSC01606.JPG	331	2039	-0.13382	-0.00666103	177	186	129
DSC01606.JPG	263	8684	-0.229061	0.331081	243	249	255
DSC01606.JPG	121	7814	0.145708	-0.185954	220	210	216
DSC01606.JPG	122	9369	-0.207776	-0.236187	219	218	226
DSC01606.JPG	123	7207	-0.362995	-0.135203	119	121	142
DSC01606.JPG	124	9446	-0.190068	-0.20969	205	205	217
DSC01606.JPG	125	8612	0.0272552	-0.23876	116	122	110
DSC01606.JPG	126	8066	-0.260155	0.194717	212	196	183
DSC01606.JPG	127	9955	-0.285054	-0.322261	117	122	92
DSC01606.JPG	128	2737	-0.213799	0.268866	217	220	240
DSC01606.JPG	129	8219	-0.154661	-0.0512009	255	255	144
DSC01606.JPG	269	7473	0.200969	-0.131145	202	200	204
DSC01606.JPG	268	432	0.0265279	-0.238604	111	119	106
DSC01606.JPG	167	4148	-0.105174	-0.277591	98	99	94
DSC01606.JPG	423	9495	0.103385	-0.219748	84	107	73
DSC01606.JPG	422	9935	0.0412423	-0.23147	85	112	72
DSC01606.JPG	348	7919	0.239139	-0.101553	101	111	146
DSC01606.JPG	58	8727	0.177749	-0.154013	208	204	211
DSC01606.JPG	55	9974	-0.0996437	-0.309229	94	104	93
DSC01606.JPG	425	8031	0.0222896	0.229459	137	175	228
DSC01606.JPG	57	10096	0.201151	-0.217004	132	105	86
DSC01606.JPG	56	3672	-0.194082	0.264965	157	154	167
DSC01606.JPG	51	3317	0.196227	-0.160118	145	150	175
DSC01606.JPG	258	8860	0.387563	0.281095	63	81	51
DSC01606.JPG	53	5035	0.305934	-0.0419725	114	116	139
DSC01606.JPG	52	1375	-0.269727	0.201542	93	95	116
DSC01606.JPG	379	9368	-0.207776	-0.236187	219	218	226
DSC01606.JPG	378	9749	-0.0523219	0.206075	182	187	207
DSC01606.JPG	259	7508	-0.0942352	-0.0113159	119	135	96
DSC01606.JPG	410	9646	0.183233	-0.135814	62	91	60
DSC01606.JPG	411	5895	0.2528	-0.0937386	99	112	146
DSC01606.JPG	298	7127	0.201495	-0.137432	114	125	155
DSC01606.JPG	299	7309	-0.24163	0.314552	35	43	84
DSC01606.JPG	371	10105	0.171282	-0.268924	62	99	65
DSC01606.JPG	370	9475	0.332001	0.114161	116	134	94
DSC01606.JPG	294	1052	0.421808	0.0502331	156	158	163
DSC01606.JPG	295	7015	-0.101435	-0.280902	200	196	122
DSC01606.JPG	292	3894	0.264844	-0.0840932	97	105	139
DSC01606.JPG	293	58	-0.146779	0.343388	178	182	207
DSC01606.JPG	290	9029	-0.219949	0.321135	239	247	255
DSC01606.JPG	291	1494	0.174211	-0.162745	136	141	161
DSC01606.JPG	201	9921	0.291485	0.122595	106	122	93
DSC01606.JPG	319	401	-0.243252	0.291219	111	117	145
DSC01606.JPG	200	9600	0.0834735	-0.184679	81	107	77
DSC01606.JPG	195	9502	0.165681	-0.154043	63	94	61
DSC01606.JPG	312	1075	-0.236711	0.310784	111	175	255
DSC01606.JPG	311	9575	0.187797	0.256916	31	46	27
DSC01606.JPG	178	9954	-0.285054	-0.322261	117	122	92
DSC01606.JPG	191	4917	-0.216948	0.266852	69	71	96
DSC01606.JPG	190	9241	0.0765144	-0.200395	206	205	219
DSC01606.JPG	193	2115	-0.234574	0.308617	68	95	142
DSC01606.JPG	192	8616	0.233837	-0.10744	105	114	147
DSC01606.JPG	115	4192	-0.0881937	0.00948456	142	159	112
DSC01606.JPG	177	7693	-0.125036	0.0232913	60	72	47
DSC01606.JPG	117	2049	-0.0482533	0.342394	121	127	147
DSC01606.JPG	89	7285	0.438381	-0.00187159	191	181	188
DSC01606.JPG	111	4834	-0.144584	0.292703	137	139	160
DSC01606.JPG	110	9972	-0.124477	-0.309034	252	253	255
DSC01606.JPG	113	6539	0.279017	-0.0637525	90	97	123
DSC01606.JPG	112	5562	0.106294	0.0803563	111	131	103
DSC01606.JPG	278	6715	-0.261183	0.201465	96	90	106
DSC01606.JPG	83	5606	0.0191187	-0.31614	153	150	164
DSC01606.JPG	399	9843	-0.32174	-0.279686	219	218	227
DSC01606.JPG	81	3529	0.423419	-0.0079149	98	102	123
DSC01606.JPG	119	9223	-0.0622465	0.19194	210	219	236
DSC01606.JPG	87	9503	-0.111294	0.0781742	63	76	42
DSC01606.JPG	84	9966	-0.0495902	0.230305	50	75	56
DSC01606.JPG	85	4507	-0.241189	0.20484	255	250	236
DSC01606.JPG	207	9984	0.259342	-0.160728	84	100	64
DSC01606.JPG	395	7547	0.389775	-0.035271	186	181	188
DSC01606.JPG	256	4509	-0.0630026	0.196588	213	218	237
DSC01606.JPG	206	5236	0.0766625	0.0670131	36	57	36
DSC01606.JPG	429	6719	0.0682063	-0.251423	176	154	147
DSC01606.JPG	428	4313	0.00469488	-0.332257	143	147	167
DSC01606.JPG	3	57	-0.146779	0.343388	178	182	207
DSC01606.JPG	7	9434	0.129057	-0.131173	132	142	132
DSC01606.JPG	407	9229	0.188651	-0.0906148	50	85	52
DSC01606.JPG	366	9837	-0.347897	-0.303884	237	240	249
DSC01606.JPG	367	4835	0.426179	0.306873	255	255	176
DSC01606.JPG	364	8257	0.0198677	0.056047	56	70	30
DSC01606.JPG	365	7031	0.284641	-0.0528184	179	178	192
DSC01606.JPG	362	9919	0.0136718	-0.285317	194	193	209
DSC01606.JPG	363	8554	0.274297	-0.0707999	100	110	138
DSC01606.JPG	360	6057	-0.223556	0.34762	180	178	181
DSC01606.JPG	426	8587	0.351682	0.260429	112	125	79
DSC01606.JPG	406	3318	0.196227	-0.160118	145	150	175
DSC01606.JPG	412	8611	0.0272552	-0.23876	116	122	110
DSC01606.JPG	300	836	-0.207679	0.275274	207	211	236
DSC01606.JPG	301	8722	-0.126961	-0.27069	118	127	124
DSC01606.JPG	302	6064	-0.385504	-0.178608	137	142	167
DSC01606.JPG	303	3114	-0.161237	-0.0416934	242	241	145
DSC01606.JPG	304	9222	-0.0622465	0.19194	210	219	236
DSC01606.JPG	307	9036	0.251657	0.292629	40	55	35
DSC01606.JPG	245	9829	0.20204	0.33604	77	91	40
DSC01606.JPG	244	3301	0.309388	-0.0373402	92	97	118
DSC01606.JPG	382	8600	0.277508	0.296515	160	185	102
DSC01606.JPG	109	8250	-0.231763	0.166065	254	255	255
DSC01606.JPG	241	7703	-4.26769e-05	-0.339514	130	136	164
DSC01606.JPG	240	8566	-0.0364717	-0.358574	119	131	108
DSC01606.JPG	243	5765	-0.124828	0.0286644	228	228	133
DSC01606.JPG	242	9207	0.233907	-0.0879857	45	75	49
DSC01606.JPG	388	9583	0.0130612	-0.309172	92	111	73
DSC01606.JPG	389	8644	0.264865	0.356379	78	98	47
DSC01606.JPG	100	6088	0.226283	-0.105976	200	195	204
DSC01606.JPG	101	8588	0.351682	0.260429	112	125	79
DSC01606.JPG	106	4937	0.162213	-0.17475	143	145	165
DSC01606.JPG	107	1493	0.174211	-0.162745	136	141	161
DSC01606.JPG	104	9193	0.455758	-0.3235	57	61	38
DSC01606.JPG	105	9910	-0.127998	-0.287682	87	99	85
DSC01606.JPG	38	4261	0.179101	-0.298298	162	172	176
DSC01606.JPG	383	9061	0.221789	0.272579	145	165	102
DSC01606.JPG	381	603	-0.350655	-0.247331	234	234	239
DSC01606.JPG	33	9269	-0.216707	-0.21188	89	108	76
DSC01606.JPG	418	4337	-0.231466	0.310753	240	245	255
DSC01606.JPG	224	2937	-0.126202	-0.233577	88	85	86
DSC01606.JPG	35	9651	0.301887	0.0290056	169	158	83
DSC01606.JPG	34	6899	-0.235931	0.31616	235	241	255
DSC01606.JPG	391	9800	-0.240939	0.304133	87	101	137
DSC01606.JPG	246	6508	-0.132008	0.0142846	255	255	159
DSC01606.JPG	377	9714	-0.214034	0.335586	104	110	146
DSC01606.JPG	384	9253	-0.118649	-0.323028	235	235	246
DSC01606.JPG	393	8313	-0.118282	0.334169	252	255	255
DSC01606.JPG	413	7697	0.108492	0.0140518	112	132	102
DSC01606.JPG	252	6063	-0.385504	-0.178608	137	142	167
DSC01606.JPG	338	7606	0.468807	0.0178784	193	182	186
DSC01606.JPG	271	9718	-0.0997867	-0.334757	190	192	205
DSC01606.JPG	337	7151	-0.158425	0.348966	79	80	99
DSC01606.JPG	387	7949	-0.251009	0.173723	174	171	161
DSC01606.JPG	176	9311	0.154484	-0.166138	60	89	59
DSC01606.JPG	330	3600	0.280112	-0.0677813	156	162	187
DSC01606.JPG	333	3311	-0.0514944	0.291131	44	50	79
DSC01606.JPG	60	8743	-0.0653151	-0.349315	88	112	88
DSC01606.JPG	61	8220	-0.154661	-0.0512009	255	255	144
DSC01606.JPG	62	7480	-0.0488903	0.0958789	39	44	26
DSC01606.JPG	63	9667	0.247744	0.307237	170	185	104
DSC01606.JPG	64	5666	-0.124275	-0.0346507	255	255	155
DSC01606.JPG	65	4021	-0.241681	0.194961	162	149	152
DSC01606.JPG	67	6595	0.367738	0.229927	137	153	117
DSC01606.JPG	68	9001	-0.233393	0.157281	75	77	102
DSC01606.JPG	69	8423	0.474697	0.0139666	87	90	69
DSC01606.JPG	175	9872	0.059395	-0.241375	202	201	219
DSC01606.JPG	251	9898	0.105447	-0.168538	63	97	64
DSC01606.JPG	173	8248	0.428597	0.305675	252	242	161
DSC01606.JPG	172	9103	-0.145694	0.310201	65	67	90
DSC01606.JPG	171	9738	0.0520806	-0.224474	80	105	69
DSC01606.JPG	170	7255	0.22105	-0.110365	197	196	204
DSC01606.JPG	344	9329	0.269564	0.257848	255	255	162
DSC01606.JPG	345	7064	0.215569	-0.116425	200	197	204
DSC01606.JPG	182	3494	-0.242431	0.184187	89	86	103
DSC01606.JPG	183	6356	0.206623	-0.151008	107	117	147
DSC01606.JPG	404	9257	-0.00530463	-0.326602	90	112	76
DSC01606.JPG	162	9799	-0.240939	0.304133	87	101	137
DSC01606.JPG	187	2913	0.256446	-0.0822342	130	135	162
DSC01606.JPG	184	7460	0.114212	0.0151196	58	77	55
DSC01606.JPG	6	9472	0.242887	-0.0931855	152	156	174
DSC01606.JPG	220	9077	0.400527	-0.0270048	186	182	188
DSC01606.JPG	186	9763	0.328121	0.0976818	39	51	39
DSC01606.JPG	188	7917	-0.0470921	-0.33386	83	104	86
DSC01606.JPG	189	9869	-0.109371	0.282441	168	158	166
DSC01606.JPG	202	9873	0.205607	-0.0936781	164	174	199
DSC01606.JPG	341	5352	-0.132401	0.357873	114	118	143
DSC01606.JPG	196	9306	-0.131456	-0.0187726	59	77	43
DSC01606.JPG	221	8708	-0.0905467	-0.337475	108	126	112
DSC01606.JPG	317	8756	0.0713894	-0.210865	111	130	109
DSC01606.JPG	185	9514	-0.362928	-0.303715	98	115	83
DSC01606.JPG	315	5268	-0.24	0.175753	173	169	186
DSC01606.JPG	316	3472	0.284034	-0.0671679	97	106	136
DSC01606.JPG	99	5846	-0.11962	-0.0293804	253	251	149
DSC01606.JPG	98	5545	0.463605	0.0192376	124	127	146
DSC01606.JPG	168	6925	-0.344843	-0.250867	227	230	241
DSC01606.JPG	169	9381	0.0390136	-0.1953	159	162	112
DSC01606.JPG	228	9566	0.275528	0.325444	49	60	28
DSC01606.JPG	91	7510	-0.0942352	-0.0113159	119	135	96
DSC01606.JPG	90	8384	-0.118118	0.295553	254	255	255
DSC01606.JPG	166	10051	-0.159483	-0.248832	83	115	76
DSC01606.JPG	92	4074	0.391957	-0.0310119	106	112	135
DSC01606.JPG	95	638	-0.109804	-0.323289	199	204	211
DSC01606.JPG	94	9331	-0.217575	-0.226091	208	207	214
DSC01606.JPG	97	6853	-0.190976	0.332139	71	94	74
DSC01606.JPG	96	9744	0.189025	0.135587	139	155	92
DSC01606.JPG	10	9234	0.134538	-0.185769	73	97	63
DSC01606.JPG	13	9844	-0.32174	-0.279686	219	218	227
DSC01606.JPG	15	4267	-0.120766	0.0163839	254	252	155
DSC01606.JPG	373	8401	-0.336011	-0.0974756	103	109	95
DSC01606.JPG	17	7720	0.194424	-0.138358	206	203	210
DSC01606.JPG	16	3508	0.246114	-0.15223	112	113	138
DSC01606.JPG	18	9528	-0.00337481	-0.22643	184	184	196
DSC01606.JPG	424	9094	-0.166206	-0.217639	195	194	210
DSC01606.JPG	88	4039	-0.204649	0.336599	100	106	138
DSC01606.JPG	349	9345	0.279968	0.219668	41	57	27
DSC01606.JPG	250	9636	-0.0402155	0.101143	111	134	80
DSC01606.JPG	409	7330	0.185028	-0.146208	208	203	210
DSC01606.JPG	372	7470	-0.054614	0.295643	192	189	210
DSC01606.JPG	397	4314	0.269598	0.262085	255	255	164
DSC01606.JPG	408	2046	0.25621	0.22887	95	104	43
DSC01606.JPG	275	7672	-0.232374	0.305376	58	64	100
DSC01606.JPG	152	1483	-0.154125	0.347512	214	218	247
DSC01606.JPG	155	146	-0.26578	0.209648	242	245	255
DSC01606.JPG	154	6352	-0.119468	0.0236991	235	235	139
DSC01606.JPG	157	8009	-0.107155	-0.032603	135	155	104
DSC01606.JPG	156	9093	-0.166206	-0.217639	195	194	210
DSC01606.JPG	159	5625	-0.0585569	0.191871	213	222	239
DSC01606.JPG	158	8032	0.0222896	0.229459	137	175	228
DSC01606.JPG	277	9707	0.371576	0.252862	86	102	75
DSC01606.JPG	396	2593	0.0486903	0.0198612	113	135	99
DSC01606.JPG	238	9060	0.221789	0.272579	145	165	102
DSC01606.JPG	279	1484	-0.154125	0.347512	214	218	247
DSC01606.JPG	234	5518	0.300145	-0.0455537	124	127	146
DSC01606.JPG	236	7245	-0.125201	-0.0255375	233	233	120
DSC01606.JPG	230	9290	-0.0646081	0.204759	108	118	103
DSC01606.JPG	231	8735	0.268814	0.300832	60	78	41
DSC01606.JPG	232	2893	0.167432	-0.187858	151	154	173
DSC01606.JPG	233	9812	0.12636	-0.17062	193	198	217
DSC01606.JPG	398	10125	0.0981315	-0.255009	204	205	226
DSC01606.JPG	280	9909	0.167853	-0.130003	173	179	203
DSC01606.JPG	49	7775	0.162368	-0.169488	215	210	214
DSC01606.JPG	86	4384	-0.225206	0.170019	228	235	249
DSC01606.JPG	45	9028	-0.219949	0.321135	239	247	255
DSC01606.JPG	40	9863	0.421346	-0.123881	157	149	84
DSC01606.JPG	118	9476	0.332001	0.114161	116	134	94
DSC01606.JPG	1	7927	0.124449	-0.215082	157	158	180
DSC01606.JPG	323	8126	0.381513	0.116661	57	73	45
DSC01606.JPG	320	8578	-0.160963	-0.270122	95	117	85
DSC01606.JPG	354	9731	0.0788132	-0.241943	88	109	70
DSC01606.JPG	427	7512	0.104792	-0.227505	217	212	218
DSC01606.JPG	324	8448	-0.136549	0.313601	254	255	255
DSC01606.JPG	9	5046	0.206062	-0.131069	114	121	148
DSC01606.JPG	328	9633	0.0250729	-0.251407	72	104	62
DSC01606.JPG	329	597	-0.087913	-0.330963	226	226	236
DSC01606.JPG	335	9767	-0.0808482	-0.342479	91	119	96
DSC01606.JPG	374	4913	0.0792065	0.0709777	108	135	101
DSC01606.JPG	146	7295	0.235499	-0.096579	202	196	206
DSC01606.JPG	147	9737	0.40984	0.222012	49	66	39
DSC01606.JPG	203	94	0.170284	-0.228314	118	119	142
DSC01606.JPG	145	9346	0.279968	0.219668	41	57	27
DSC01606.JPG	142	10124	0.219171	-0.149621	240	213	187
DSC01606.JPG	143	7711	-0.274839	-0.325724	120	124	94
DSC01606.JPG	140	9758	0.2301	-0.0457721	48	77	47
DSC01606.JPG	141	5218	-0.0937829	-0.33145	205	205	212
DSC01606.JPG	350	9481	0.0498806	-0.271423	89	108	72
DSC01606.JPG	148	2874	-0.122875	0.0194647	88	101	53
DSC01606.JPG	149	7433	0.27851	-0.0582093	181	179	190
DSC01606.JPG	77	9817	-0.158833	-0.263513	85	111	74
DSC01606.JPG	76	4226	-0.280419	0.099782	254	230	226
DSC01606.JPG	74	7950	-0.251009	0.173723	174	171	161
DSC01606.JPG	73	5624	0.0315356	-0.300063	223	214	219
DSC01606.JPG	72	5068	-0.0827315	-0.330204	229	232	244
DSC01606.JPG	71	10002	-0.181503	-0.23482	89	118	72
DSC01606.JPG	70	7811	0.197684	-0.144177	107	120	149
DSC01606.JPG	79	9645	-0.138724	-0.237521	75	97	74
DSC01606.JPG	78	8947	0.43746	-0.00848562	80	88	64
DSC01606.JPG	262	4915	-0.216948	0.266852	69	71	96
DSC01606.JPG	261	5860	-0.0993831	-0.328499	119	140	133
DSC01606.JPG	356	7904	-0.0026373	-0.333768	217	207	215
DSC01606.JPG	355	5363	-0.178464	0.249293	138	141	161
DSC01606.JPG	260	9713	-0.214034	0.335586	104	110	146
DSC01606.JPG	353	5544	0.463605	0.0192376	124	127	146
DSC01606.JPG	430	4711	0.290096	-0.0533722	115	119	132
DSC01606.JPG	351	5354	0.463366	-0.31019	106	114	40
DSC01606.JPG	47	10015	0.0839093	-0.205247	199	198	212
DSC01606.JPG	276	9268	-0.216707	-0.21188	89	108	76
DSC01606.JPG	267	6829	0.0508162	-0.289416	125	128	159
DSC01606.JPG	358	5796	-0.0874521	-0.366059	224	226	238
DSC01606.JPG	359	835	-0.207679	0.275274	207	211	236
DSC01606.JPG	266	3528	0.423419	-0.0079149	98	102	123
DSC01608.JPG	216	9109	0.43011	0.171097	102	117	73
DSC01608.JPG	217	3659	0.171543	0.346798	97	101	87
DSC01608.JPG	214	7652	0.329194	-0.299978	65	76	46
DSC01608.JPG	212	7816	-0.0794855	-0.0495393	172	171	176
DSC01608.JPG	213	2991	0.330432	-0.30434	166	171	120
DSC01608.JPG	218	10112	0.42255	-0.0177713	168	175	193
DSC01608.JPG	219	5287	0.304444	0.0215935	50	69	47
DSC01608.JPG	132	7133	0.428283	-0.0132546	77	82	75
DSC01608.JPG	24	7210	-0.116835	-0.114732	182	174	176
DSC01608.JPG	26	7184	0.0482454	0.120682	193	192	199
DSC01608.JPG	21	9121	0.295555	-0.077153	105	129	80
DSC01608.JPG	23	6464	0.439993	0.0810832	69	82	50
DSC01608.JPG	345	7854	0.0551071	0.14028	178	181	192
DSC01608.JPG	405	8963	0.0127526	0.156689	120	127	153
DSC01608.JPG	347	2713	0.485527	0.253657	241	237	130
DSC01608.JPG	340	7134	0.428283	-0.0132546	77	82	75
DSC01608.JPG	402	4901	0.337585	-0.30634	173	183	133
DSC01608.JPG	342	9628	-0.0887752	0.323067	97	104	61
DSC01608.JPG	343	10185	0.149432	-0.0757636	132	151	92
DSC01608.JPG	8	9726	0.427837	0.139135	110	130	81
DSC01608.JPG	283	10216	0.167236	-0.181577	110	134	82
DSC01608.JPG	96	10115	0.266077	-0.0618874	137	151	90
DSC01608.JPG	348	8120	0.0411375	0.115597	78	91	124
DSC01608.JPG	349	9876	0.24803	-0.164425	79	94	50
DSC01608.JPG	227	9981	0.0312384	0.0806715	110	114	133
DSC01608.JPG	120	3291	-0.0560294	-0.0865197	57	68	95
DSC01608.JPG	389	9238	0.311656	-0.256884	66	86	29
DSC01608.JPG	125	9546	0.170775	0.346464	90	94	82
DSC01608.JPG	265	10296	0.186477	-0.302798	49	67	39
DSC01608.JPG	129	9168	0.477871	0.249381	248	241	132
DSC01608.JPG	423	10083	0.110233	0.291084	67	88	55
DSC01608.JPG	54	10120	-0.198194	0.22966	75	86	45
DSC01608.JPG	51	608	0.0534105	0.189841	96	101	130
DSC01608.JPG	53	5895	0.00986922	0.0341726	92	96	118
DSC01608.JPG	414	4763	0.0555871	0.161655	178	184	208
DSC01608.JPG	259	8128	0.434744	0.186072	97	112	74
DSC01608.JPG	413	8284	0.253405	0.073285	120	139	109
DSC01608.JPG	296	8716	0.117027	-0.291031	112	127	86
DSC01608.JPG	297	10121	-0.198194	0.22966	75	86	45
DSC01608.JPG	292	2863	0.0270469	0.0895114	72	88	122
DSC01608.JPG	374	6712	0.316224	0.0370073	97	122	89
DSC01608.JPG	291	1544	0.071395	0.202388	108	112	139
DSC01608.JPG	313	2296	-0.490487	-0.124574	151	163	177
DSC01608.JPG	197	4423	0.0573736	0.164761	76	90	118
DSC01608.JPG	196	9693	0.46925	0.208789	64	76	36
DSC01608.JPG	190	9883	0.142842	0.2851	196	196	208
DSC01608.JPG	192	9411	0.0431828	0.124147	92	103	132
DSC01608.JPG	115	5563	0.43801	0.164005	113	130	85
DSC01608.JPG	114	164	0.0227621	0.062024	73	82	111
DSC01608.JPG	117	1175	0.485545	-0.126175	125	132	151
DSC01608.JPG	116	3155	-0.454745	-0.156131	241	250	255
DSC01608.JPG	113	7474	0.0233965	0.0650372	70	81	110
DSC01608.JPG	112	6026	0.303372	0.0171792	109	129	102
DSC01608.JPG	81	630	-0.0738699	-0.0456593	78	85	107
DSC01608.JPG	119	9469	0.425414	-0.00310105	198	204	223
DSC01608.JPG	118	9932	0.148423	-0.103069	78	99	59
DSC01608.JPG	84	10253	0.429661	-0.03835	46	69	49
DSC01608.JPG	429	8146	0.128719	0.33924	170	142	138
DSC01608.JPG	254	9412	0.45159	-0.329437	143	145	70
DSC01608.JPG	7	9918	0.12206	0.195515	142	146	142
DSC01608.JPG	420	9482	0.130995	-0.186953	123	146	86
DSC01608.JPG	364	9206	0.362458	0.0755976	42	58	26
DSC01608.JPG	422	10263	0.162623	0.333235	77	102	60
DSC01608.JPG	425	3519	0.378547	-0.069492	118	150	199
DSC01608.JPG	363	9275	0.0243394	0.073307	78	94	122
DSC01608.JPG	427	8326	0.105533	0.297411	202	196	200
DSC01608.JPG	361	9835	0.304628	-0.265679	159	172	100
DSC01608.JPG	308	3290	-0.0560294	-0.0865197	57	68	95
DSC01608.JPG	309	4561	0.148986	-0.338944	251	247	165
DSC01608.JPG	382	8673	0.276925	-0.21956	145	161	98
DSC01608.JPG	303	3488	0.486228	0.243441	226	227	138
DSC01608.JPG	304	9468	0.425414	-0.00310105	198	204	223
DSC01608.JPG	305	4335	-0.0999731	0.127329	164	153	68
DSC01608.JPG	306	4644	0.0647265	0.183142	123	129	153
DSC01608.JPG	245	10041	0.350115	-0.216988	82	97	56
DSC01608.JPG	244	1420	0.00934541	0.0288154	90	95	115
DSC01608.JPG	108	10155	0.169609	-0.159948	41	61	34
DSC01608.JPG	246	6964	0.482467	0.179461	254	250	151
DSC01608.JPG	385	4422	0.0573736	0.164761	76	90	118
DSC01608.JPG	243	6381	0.479679	0.163566	196	198	119
DSC01608.JPG	242	9904	0.0525985	0.106492	44	69	45
DSC01608.JPG	103	8323	-0.485232	-0.0797446	90	102	134
DSC01608.JPG	106	3292	0.0766689	0.219313	104	113	132
DSC01608.JPG	107	1545	0.071395	0.202388	108	112	139
DSC01608.JPG	39	4525	0.0464886	0.169292	110	118	152
DSC01608.JPG	30	10327	0.309116	-0.252807	137	150	69
DSC01608.JPG	37	3636	-0.449039	-0.153437	237	247	255
DSC01608.JPG	247	6994	0.496832	0.2109	255	255	143
DSC01608.JPG	35	9975	0.119027	-0.0245992	174	166	89
DSC01608.JPG	419	1086	0.00617355	0.178008	129	137	106
DSC01608.JPG	430	5678	0.0184049	0.0512984	91	93	115
DSC01608.JPG	431	10331	-0.187169	0.267329	62	80	41
DSC01608.JPG	339	4537	-0.469397	-0.162395	225	243	255
DSC01608.JPG	338	8163	-0.0995572	-0.0863795	191	183	186
DSC01608.JPG	331	3125	0.475496	0.19973	152	161	116
DSC01608.JPG	330	4856	0.0207382	0.0679567	145	153	176
DSC01608.JPG	333	4865	0.472195	-0.0858094	38	49	71
DSC01608.JPG	332	2724	-0.255722	-0.293513	87	87	86
DSC01608.JPG	61	9167	0.477871	0.249381	248	241	132
DSC01608.JPG	62	7428	0.431895	0.0711363	41	49	31
DSC01608.JPG	63	9905	0.306122	-0.216367	168	183	114
DSC01608.JPG	64	5946	0.458831	0.219623	241	239	128
DSC01608.JPG	67	7102	0.18911	-0.204845	125	143	114
DSC01608.JPG	177	8641	0.477707	0.168721	78	89	56
DSC01608.JPG	251	10245	0.130727	0.240279	68	97	66
DSC01608.JPG	256	4195	0.427818	-0.00558853	198	205	221
DSC01608.JPG	171	10158	0.154985	0.320192	70	96	57
DSC01608.JPG	170	7364	0.0535485	0.133597	187	190	198
DSC01608.JPG	406	607	0.0534105	0.189841	96	101	130
DSC01608.JPG	183	7313	0.0479761	0.176397	83	99	134
DSC01608.JPG	180	3080	-0.117484	-0.118046	89	94	113
DSC01608.JPG	2	6993	0.496832	0.2109	255	255	143
DSC01608.JPG	186	10071	0.13886	-0.0880253	19	31	17
DSC01608.JPG	184	8624	0.246197	0.0697177	41	57	40
DSC01608.JPG	403	9134	0.311714	-0.312779	72	82	46
DSC01608.JPG	310	9542	0.166559	-0.301329	70	84	49
DSC01608.JPG	370	9933	0.148423	-0.103069	78	99	59
DSC01608.JPG	400	7677	0.339134	0.0503093	33	41	26
DSC01608.JPG	316	4960	0.0176986	0.065723	77	91	122
DSC01608.JPG	99	7304	0.456446	0.213468	243	241	133
DSC01608.JPG	98	5564	-0.0947486	-0.0851082	106	111	130
DSC01608.JPG	169	10021	0.184533	0.299003	146	152	94
DSC01608.JPG	91	8127	0.434744	0.186072	97	112	74
DSC01608.JPG	165	10047	0.131485	0.348713	84	98	62
DSC01608.JPG	92	2694	-0.058217	-0.0127312	101	108	125
DSC01608.JPG	160	6901	0.0529679	0.306333	201	195	202
DSC01608.JPG	161	10082	0.135869	-0.339489	26	37	27
DSC01608.JPG	163	8145	0.128719	0.33924	170	142	138
DSC01608.JPG	11	9747	0.291336	-0.339287	127	144	100
DSC01608.JPG	270	1151	0.496526	0.138769	109	115	49
DSC01608.JPG	15	4759	0.472391	0.172725	245	241	155
DSC01608.JPG	16	5324	0.0122488	0.159176	93	104	130
DSC01608.JPG	19	6238	-0.253143	-0.291272	161	164	173
DSC01608.JPG	89	7244	-0.0829345	-0.0567232	185	181	182
DSC01608.JPG	150	6708	-0.487418	-0.114447	167	176	193
DSC01608.JPG	153	7940	0.102904	0.288754	222	211	219
DSC01608.JPG	154	7007	0.473333	0.165665	234	232	142
DSC01608.JPG	157	9217	0.438844	0.210635	111	130	84
DSC01608.JPG	159	2336	0.422138	-0.00400233	204	210	229
DSC01608.JPG	158	3518	0.378547	-0.069492	118	150	199
DSC01608.JPG	277	10003	0.194466	-0.223386	100	115	84
DSC01608.JPG	236	7927	0.462343	0.2119	228	222	112
DSC01608.JPG	230	9810	0.432535	-0.0113807	100	109	95
DSC01608.JPG	231	9073	0.283385	-0.219267	53	72	35
DSC01608.JPG	232	1198	0.0668504	0.229474	115	120	144
DSC01608.JPG	233	10175	0.110443	0.232298	181	187	209
DSC01608.JPG	48	7077	-0.483407	-0.0710608	253	253	255
DSC01608.JPG	47	10308	0.1346	0.285973	187	189	204
DSC01608.JPG	44	3145	-0.0208623	-0.0843836	99	111	121
DSC01608.JPG	42	2751	-0.0501909	-0.0781977	69	78	107
DSC01608.JPG	43	4526	0.0464886	0.169292	110	118	152
DSC01608.JPG	395	8140	-0.0580735	-0.00850755	178	173	180
DSC01608.JPG	41	3895	-0.482642	-0.0751635	104	113	145
DSC01608.JPG	1	9003	0.0931729	0.275903	159	164	186
DSC01608.JPG	323	8739	0.115653	-0.124304	41	65	31
DSC01608.JPG	5	6122	-0.0205129	-0.0301573	149	158	177
DSC01608.JPG	9	4238	0.0575079	0.158745	82	95	128
DSC01608.JPG	201	10233	0.186176	-0.0931973	121	142	108
DSC01608.JPG	147	10151	0.148183	-0.214764	48	60	45
DSC01608.JPG	145	9877	0.24803	-0.164425	79	94	50
DSC01608.JPG	206	5683	0.315629	0.0422944	15	32	16
DSC01608.JPG	209	10326	0.309116	-0.252807	137	150	69
DSC01608.JPG	394	5653	-0.257711	-0.29616	164	163	170
DSC01608.JPG	148	4572	0.475501	0.170517	62	70	35
DSC01608.JPG	70	8678	0.0587695	0.174358	80	96	129
DSC01608.JPG	357	8324	-0.485232	-0.0797446	90	102	134
DSC01608.JPG	354	10218	0.122239	0.322572	71	94	54
DSC01608.JPG	353	5565	-0.0947486	-0.0851082	106	111	130
DSC01608.JPG	352	8770	-0.12171	-0.122278	179	173	176
DSC01608.JPG	392	9169	0.111325	-0.105435	29	47	26
DSC01608.JPG	326	384	0.0335007	0.14894	142	146	161
DSC01608.JPG	266	629	-0.0738699	-0.0456593	78	85	107
